{"data_time": 0.002620000000206346, "eta_seconds": 1648.5957490004876, "fast_rcnn/cls_accuracy": 0.248046875, "fast_rcnn/false_negative": 0.5386699507389162, "fast_rcnn/fg_cls_accuracy": 0.018824771287825476, "iteration": 19, "loss_box_reg": 0.08003325387835503, "loss_cls": 1.3857913613319397, "loss_mask": 0.6939200460910797, "loss_rpn_cls": 0.04925127513706684, "loss_rpn_loc": 0.011978237424045801, "lr": 1.9981e-06, "mask_rcnn/accuracy": 0.3983737244897959, "mask_rcnn/false_negative": 0.9857411753844392, "mask_rcnn/false_positive": 0.02555767453374709, "rank_data_time": 0.002620000000206346, "roi_head/num_bg_samples": 500.16666666666663, "roi_head/num_fg_samples": 11.833333333333332, "rpn/num_neg_anchors": 248.16666666666669, "rpn/num_pos_anchors": 7.833333333333334, "time": 0.5532200500001636, "total_loss": 2.2433756347745657}
{"data_time": 0.003346600000440958, "eta_seconds": 1619.2798399989988, "fast_rcnn/cls_accuracy": 0.36002604166666663, "fast_rcnn/false_negative": 0.6376262626262625, "fast_rcnn/fg_cls_accuracy": 0.0, "iteration": 39, "loss_box_reg": 0.0682755559682846, "loss_cls": 1.3439491391181946, "loss_mask": 0.6927014291286469, "loss_rpn_cls": 0.046502064913511276, "loss_rpn_loc": 0.011047163046896458, "lr": 3.9961e-06, "mask_rcnn/accuracy": 0.515107828845824, "mask_rcnn/false_negative": 0.7383726528235391, "mask_rcnn/false_positive": 0.16132167195740876, "rank_data_time": 0.003346600000440958, "roi_head/num_bg_samples": 501.6666666666667, "roi_head/num_fg_samples": 10.333333333333334, "rpn/num_neg_anchors": 249.0, "rpn/num_pos_anchors": 7.0, "time": 0.5351842999998553, "total_loss": 2.156868307851255}
{"data_time": 0.005058699999608507, "eta_seconds": 1587.4803420005628, "fast_rcnn/cls_accuracy": 0.6881510416666667, "fast_rcnn/false_negative": 0.9352226720647774, "fast_rcnn/fg_cls_accuracy": 0.0, "iteration": 59, "loss_box_reg": 0.07206954061985016, "loss_cls": 1.218449056148529, "loss_mask": 0.6898305118083954, "loss_rpn_cls": 0.04025448299944401, "loss_rpn_loc": 0.008815425913780928, "lr": 5.9941e-06, "mask_rcnn/accuracy": 0.7672123853764479, "mask_rcnn/false_negative": 0.05193545056953559, "mask_rcnn/false_positive": 0.48336703191322994, "rank_data_time": 0.005058699999608507, "roi_head/num_bg_samples": 501.0, "roi_head/num_fg_samples": 11.0, "rpn/num_neg_anchors": 250.16666666666669, "rpn/num_pos_anchors": 5.833333333333334, "time": 0.537106450000465, "total_loss": 2.0253765545785427}
{"data_time": 0.0039046999991114717, "eta_seconds": 1565.31228199834, "fast_rcnn/cls_accuracy": 0.9319661458333334, "fast_rcnn/false_negative": 1.0, "fast_rcnn/fg_cls_accuracy": 0.0, "iteration": 79, "loss_box_reg": 0.07580457255244255, "loss_cls": 1.0592718124389648, "loss_mask": 0.6837819218635559, "loss_rpn_cls": 0.047043269500136375, "loss_rpn_loc": 0.010503839235752821, "lr": 7.992100000000001e-06, "mask_rcnn/accuracy": 0.752918956043956, "mask_rcnn/false_negative": 0.007801109999913931, "mask_rcnn/false_positive": 0.6168566420803705, "rank_data_time": 0.0039046999991114717, "roi_head/num_bg_samples": 500.3333333333333, "roi_head/num_fg_samples": 11.666666666666666, "rpn/num_neg_anchors": 249.0, "rpn/num_pos_anchors": 7.0, "time": 0.5050963000003321, "total_loss": 1.8786486452445388}
{"data_time": 0.0028229499994267826, "eta_seconds": 1504.0004649998082, "fast_rcnn/cls_accuracy": 0.9684244791666667, "fast_rcnn/false_negative": 1.0, "fast_rcnn/fg_cls_accuracy": 0.0, "iteration": 99, "loss_box_reg": 0.07334939762949944, "loss_cls": 0.8506291806697845, "loss_mask": 0.6800347566604614, "loss_rpn_cls": 0.03725210390985012, "loss_rpn_loc": 0.009314518421888351, "lr": 9.990100000000001e-06, "mask_rcnn/accuracy": 0.6868481074695888, "mask_rcnn/false_negative": 0.001212732190790502, "mask_rcnn/false_positive": 0.7353919745125289, "rank_data_time": 0.0028229499994267826, "roi_head/num_bg_samples": 500.6666666666667, "roi_head/num_fg_samples": 11.333333333333334, "rpn/num_neg_anchors": 249.66666666666666, "rpn/num_pos_anchors": 6.333333333333333, "time": 0.49751895000008517, "total_loss": 1.6719427284551784}
{"data_time": 0.0027437500002633897, "eta_seconds": 1463.501663999632, "fast_rcnn/cls_accuracy": 0.9729817708333333, "fast_rcnn/false_negative": 1.0, "fast_rcnn/fg_cls_accuracy": 0.0, "iteration": 119, "loss_box_reg": 0.08728410676121712, "loss_cls": 0.6804211735725403, "loss_mask": 0.6717046499252319, "loss_rpn_cls": 0.05039897933602333, "loss_rpn_loc": 0.012114879675209522, "lr": 1.1988100000000001e-05, "mask_rcnn/accuracy": 0.7169653227144517, "mask_rcnn/false_negative": 0.002151843867449945, "mask_rcnn/false_positive": 0.7262523743278351, "rank_data_time": 0.0027437500002633897, "roi_head/num_bg_samples": 498.16666666666663, "roi_head/num_fg_samples": 13.833333333333332, "rpn/num_neg_anchors": 248.16666666666669, "rpn/num_pos_anchors": 7.833333333333334, "time": 0.4773303999991185, "total_loss": 1.5090817091986537}
{"data_time": 0.002784399999654852, "fast_rcnn/cls_accuracy": 0.9716796875, "fast_rcnn/false_negative": 1.0, "fast_rcnn/fg_cls_accuracy": 0.0, "iteration": 137, "loss_box_reg": 0.09486790746450424, "loss_cls": 0.5244597792625427, "loss_mask": 0.6642739772796631, "loss_rpn_cls": 0.04244302771985531, "loss_rpn_loc": 0.009591869078576565, "lr": 1.3786300000000002e-05, "mask_rcnn/accuracy": 0.7189332629603565, "mask_rcnn/false_negative": 0.0008140536477690742, "mask_rcnn/false_positive": 0.7257533821844004, "rank_data_time": 0.002784399999654852, "roi_head/num_bg_samples": 497.83333333333337, "roi_head/num_fg_samples": 14.166666666666668, "rpn/num_neg_anchors": 249.33333333333334, "rpn/num_pos_anchors": 6.666666666666667, "time": 0.49675809999916964, "total_loss": 1.3503910200670362}
{"eta_seconds": 1447.3773251015264, "iteration": 138}
{"data_time": 0.004929700000502635, "fast_rcnn/cls_accuracy": 0.28515625, "fast_rcnn/false_negative": 0.2923076923076923, "fast_rcnn/fg_cls_accuracy": 0.02564102564102564, "iteration": 4, "loss_box_reg": 0.06856601685285568, "loss_cls": 1.327970266342163, "loss_mask": 0.6950915455818176, "loss_rpn_cls": 0.04530532285571098, "loss_rpn_loc": 0.01322738453745842, "lr": 4.996000000000001e-07, "mask_rcnn/accuracy": 0.3884419152276295, "mask_rcnn/false_negative": 1.0, "mask_rcnn/false_positive": 0.0, "rank_data_time": 0.004929700000502635, "roi_head/num_bg_samples": 500.75, "roi_head/num_fg_samples": 11.25, "rpn/num_neg_anchors": 247.5, "rpn/num_pos_anchors": 8.5, "time": 16.80079400000068, "total_loss": 2.179592777043581}
{"eta_seconds": 50301.577236002035, "iteration": 5}
